{"dummy_model": {"scores": [0.12499998437500197, 0.06249999609375024], "mean": 0.09374999023437611}}