{"dummy_model": {"scores": [0.12499998437500197, 0.12499999218750048], "mean": 0.12499998828125122}}